Nome da Turma,Nome do Professor
Tecnologia e Progamação WEB,Profº Paulo Peres
Tópicos de Sistemas da Informação,Profº Luiz Paulo
Organização e Arquitetura de Computadores,Profº Fernando Filho
Pensamento Computacional,Profº Francisco Duó
Ferramentas Práticas e Tecnologia + Extensão,Profª Hinata Queiroz
Banco de Dados I,Profª Patrick Amorim
Projeto Integrador I,Profº Fernando FIlho
Programação I,Profº Paulo Peres
Introdução à Cibersegurança,Profº Eduardo Monteiro
Projeto Integrador II,Profº Fernando FIlho
Programação Backend,Profº Francisco Duó
Banco de Dados II,Profª Claudia Cavalcante
Engenharia de Usabilidade e Interface + Extensão,Profº Walace da Silva
Projeto integrador III (60),Profº Sosthenes Carlos
Programação II POO (60h),Profº Francisco Gessivaldo
Programação para Dispositivos Móveis I (60h),Profª Rodrigo de Jesus
Avaliação de Software (60h),Profª Hinata Queiroz
Projeto integrador IV,Profº Sosthenes Carlos
Programação para Dispositivos Móveis II,Profª Rodrigo de Jesus
Análise de Dados,Profº Francisco Gessivaldo
Gestão de Projetos PMI,Profº Luiz Paulo
Optativa II - Metodologias Ágeis,Profº Luiz Paulo
Anatomia Humana I,Hubiratan Padilha
Técnicas Básicas de Laboratório,Agnaldo Olivieira
Introdução à Biomedicina,Acaz Ribeiro
Química Geral e Analítica,Agnaldo Olivieira
Projeto de Extensão,Acaz Ribeiro
Metodologia Científica,Ítalo Duarte
Bioquímica Metabólica,Guilherme Henrique
Fundamentos Sociológicos e Antropológicos,Thales Caixeta
HIstologia e Embriologia,Guilherme Henrique
Genética Humana,Rafaella Araújo
Anatomia Humana I,Ubiratan Padilha
Dinâmica e gestão em Saúde) + Projeto de Extensão),João Pinheiro
Genética e Evolução,Rafaella Araújo
Metodologia Científica,ìtalo César
Políticas Públicas em Saúde,Profº Luiz Fernando
Fundamentos Sosciológicos e Antropológicos,Thales Caixeta
Dinâmica e gestão em Saúde + Extensão,João Pinheiro
Medologia Científica,ìtalo César
Dinâmica e gestão em Saúde + Extensão ),João Pinheiro
MIP - Micro Imuno Parasitologia,Eduardo Loiola
Farmacologia,Agnaldo Oliveira
Enfermagem em Terapêutica Oncológica + Extensão,Bruna Neves
Enfermagem em Paciente Crítico,Cléia Lúcia
Enfermagem na Saúde do Adulto em Situação Cirùrgica,Oséias Alves
Optativa III (primeiros Socorros e Biossegurança),Everton Campos
Enfermagem em Saúde da Família,João Pinheiro
Optativa III (primeiros Socorros e Biossegurança + Extensão,Everton Campos
TCC,Marcelino Pedrosa
Neuroanatomia,Profº Rafaella Araújo
Psicologia Ciência e Profissão,Profª Aline do Prado
História e Sistemas em Psicologia,Lucas Clementino
Pensamento Filosófico,Thales Caixeta
Teoria da Personalidade,Profª Thaynara Serra
Processos Psicológicos Básicos,Profª Karina Eraclea
Neurofisiologia,Profº Rafaella Araújo
Deontologia e Ética Profissional + Projeto de Extensão,Profª Aline do Prado
Metodologia da Pesquisa Científica,Ítalo Duarte
Desenvolvimento Humano I,Profº Lucas Clementino
Métodos de Investigação em Psicologia,Mariana Reis
Behaviorismo: Teoria e Prática,Profª Valmira Soares
Psicologia Social,Profº David Almeida
Desenvolvimento Humano II,Profº Thaywane Gomes
Psicologia Jurídica,Profº Simone Costa
Análise Experimental do Comportamento,Profª Valmira Soares
Desenvolvimento Humano III,Profª Karina Eraclea
Psicanálise: Teoria e Prática,Profª Silvana Alves
Etnopsicologia + Projeto de Extensão,Profº Alexandre Domânico
Psicofarmacologia,Profº Agnaldo Oliveira
Psicologia Organizacional e do Trabalho,Profº Alexandre Domânico
Psicologia e Necessidades Especiais,Profª Silvana Alves
Técnicas de Exames Psicológicos I,Profº Thaynara Serra
Dependência Química + Projeto de Extensão,Profº Brenno Vitorino
Supervisão de Estágio Básico I,Profª Maria Camila
Técnicas de Exames Psicológicos II,Profª Thaynara Serra
Psicopatologia I,Profª Karina Eraclea
Supervisão do Estágio Supervisionado Básico II,Profº Aline do Prado
Psicologia cognitivo Comportamental,Profº Thaywane Gomes
Exclusão Social e repercussões para o comportamento,Profº Otto Leone
Política Pública em Saúde,Profº Luiz Fernando
Psicopatologia II,Profª Karina Eraclea
Supervisão do Estágio Supervisionado Básico III,Profº Otto Leone
Psicologia e Processos Clínicos,Profº Mariana Reis
Tópicos Especiais em Psicoterapia de Grupo,Profº Caroline Guimarães
Supervisão do Estágio Supervisionado Específico I,Profº Aline do Prado
Optativa I (30h) - Início no mês 03/26,Mariana Reis
Criminologia,Profº Cláudio Portela
Ciência Política e Teoria do Estado,Profº Francisco Michael
Introdução ao Direito (propdêutica e História),Profª Islene Gomes
Tópicos Especiais em Direito,Profº Derick Heliston
Profissões Jurídicas e Cidadania,Profº Derick Heliston
Filosofia do Direito,Profº Thales Caixeta
Direito Civil - Parte Geral,Fernando Cardoso
Direito Constitucional I,Prof. Ricardo Klaym
Profissões Juridicas e Cidadania,Profº Derick Heliston
Direito Penal - Parte Geral I,Profº Bruno Mendes
Teoria Geral do Processo,Profº Ricardo Klaym
Direito Civil - Obrigações,Profº Marcos José
Direito Constitucional II,Profª Jane Nunes
Hermêutica Jurídica e Aplicação do Direito,Profº Sidney Amorim
Direito penal - Parte Geral II,Profº Felipe Leitão
Direito Civil - Responsabilidade Civil,Profº Islene Gomes
Direito Internacional - Público e Privado,Profª Alberto Martins
Hermêutica Jurídica e Aplicação do Direito,Profª Sidney Amorim
Direito Civil - Sucessões,Profº Fernando Cardoso
Direito Processual Civil I,Profª Helena Lariucci
Direito do Consumidor,Profª Alberto Martins
Direito Penal - Parte Especial I,Profª Felipe Leitão
Oratória para Advogados,Profº Cláudio Portela
Direito do Trabalho I,Profª Jane Nunes
Direito do Trabalho II,Profº Adeilson Morais
Direito Processual Civil II,Profª Helena Lariucci
Direito Penal - Parte Especial II,Marcus Gusmão
Oratória para Advogados (Optativa I),Profº Cláudio Portela
Linguística aplicada à Fonoaudiologia,Juscelino Sant'Anna
Neurofisiologia Humana (Fisiologia Humana),Rafaella Araújo
Genética Humana (Anatomofisiologia Funcional ),Rafaella Araújo
Metodologia Científica (Projeto de Extensão I),Ítalo Duarte - Sala 310
Sócio-Antropologia da Saúde,Jesiel Bomfim
Genética Humana nos Distúrbios da Comunicação,Fabrício Andrade
Prática Pedagógica I (competência sociemocionais e vínculos no processo educativo),Profª Dayse Cunha
Psicologia do Desenvolvimento e da Aprendizagem,Profª Renata Aquino
Aspectos Sócio Antropológicos na Educação,Profº Ítalo Duarte
Fundamentos do Ensino das Ciências,Profª Rafaella Araújo
Psicologia do Desenvolvimento e da Aprendizagem,Renata Aquino
Prática Pedagógica (competência sociemocionais e vínculos no processo educativo),Profª Dayse Cunha
Pedagogia do Desenvolvimento e da Aprendizagem,Profª Renata Aquino
Fundamentos da Geografia,Profª Mônica Vitório
Fundamentos da História,Profª Mônica Vitório
Fundamentos do Ensino da Língua Portuguesa,Profª Kleybe Brum
Prática Pedagógica (Princípios e Métodos da Avaliação Escolar),Profª Flávia Roriz
Optativa (Neuroaprendizagem),Profª Renata Aquino
Fundamentos do Ensino da Língua Portuguesa,Kleybe Brum
Optativa (Nueroaprendizagem),Profª Renata Aquino
Pedagogia do Desenvolvimento e da Aprendizagem,Renata Aquino
Estágio Supervisionado I,Kleybe Brum
Qualificação do TCC,Salvador Borges
Projeto de Extensão,Salvador Borges
TCC - Defesa,Salvador Borges
Fundamentos do Ensino das Ciências,Rafaella Araújo
Supervisão de Estágio II,Kleybe Brum
Noções de Microbiologia e Parasitologia,Prof. Stephanie Faria
Semiologia e Semiotécnica,Profª Ingridy Blenda
Anatomia e Fisiologia Humana,Profº Alana Régia
Organização Básica do Trabalho e Biossegurança em Saúde,Profº Jesiel Bomfim
Primeiros Socorros,Profº Abimael Carlos
Fundamentos da Ética na Saúde,Prof. Stephanie Faria
Processo de Cuidar,Profº Sara Moreira
Fundamentos da Saúde e Seg do Trabalho,Profº Abimael Carlos
Farmacologia,Profº Agnaldo Oliveira
"Enfermagem na Saúde da Mulher, Criança e Adolescente",Profª Stephanie Pereira
Enfermagem em Saúde Pública,Profº Jesiel Bonfim
Enfermagem Materno-Infantil,Profª Ingridy Blenda
Enfermagem na Saúde do Adulto e Idoso,Profª Sara Moreira
Fundamentos de Nutrição e Dietética,Profº Jesiel Bonfim
Assistência em Enfermagem em Clínico-Cirúrgica,Profº Oseias Silva
Enfermagem em Saúde Mental e Psiquiátrica,Profº David Almeida
Urgência e Emergência,Profª Ingridy Blenda
Cálculo de Medicação,Profº Bruce Barros
Assistência em Terapia Intensiva,Prof. Clea Silva
Atendimento Humanizado em Saúde,Profº Sara Moreira
Radiologia Odontológica,Prof.ª Julienne Monteiro
Cárie e Doença Periodontal,Profª Aldenora
Saúde Bucal da Família,Profª Aline Cacau
Dentição Decídua e Cuidados com as Crianças,Profª Aldenora
